Model,Comment_ID,Num_Topics,Assigned_Other,Assigned_Topics,Feedback
DistilroBERTa,1,8,0,"Course organization and structure | Student engagement and participation | Clarity of explanations | Effectiveness of assignments | Classroom atmosphere and interaction | Inclusivity and sense of belonging | Assessment, grading, and feedback | Learning resources and materials",Professor Wu is extremely organized and clear as a lecturer.
DistilroBERTa,4,7,0,Pace and workload | Student engagement and participation | Clarity of explanations | Effectiveness of assignments | Classroom atmosphere and interaction | Inclusivity and sense of belonging | Learning resources and materials,Super great lecturer!
DistilroBERTa,12,6,0,"Student engagement and participation | Clarity of explanations | Effectiveness of assignments | Inclusivity and sense of belonging | Assessment, grading, and feedback | Learning resources and materials",Fair with his exams and an excellent lecturer
DistilroBERTa,2,6,0,"Pace and workload | Student engagement and participation | Clarity of explanations | Inclusivity and sense of belonging | Assessment, grading, and feedback | Learning resources and materials","Professor Wu is a wonderful teacher and is very organized and clear with his teaching. I appreciate that he provided a myriad of resources and practice material along with lecture notes and midterm review sessions. He explains well the content of the class and makes frequent pauses throughout his lectures for answering questions. I appreciate that he is a fair grader and provides opportunities for students to achieve the best grade possible in the class. The pace of the class did seem a bit fast and rushed at times, but overall, Professor Wu did a good job of covering the material well in the ten weeks of the quarter."
DistilroBERTa,11,5,0,Student engagement and participation | Clarity of explanations | Classroom atmosphere and interaction | Inclusivity and sense of belonging | Learning resources and materials,Best professor ever
DistilroBERTa,31,5,0,Student engagement and participation | Clarity of explanations | Effectiveness of assignments | Inclusivity and sense of belonging | Learning resources and materials,"Great job, I love this class!"
DistilroBERTa,37,4,0,Student engagement and participation | Clarity of explanations | Inclusivity and sense of belonging | Learning resources and materials,Professor Wu is energetic and capable.
DistilroBERTa,36,4,0,Student engagement and participation | Clarity of explanations | Inclusivity and sense of belonging | Learning resources and materials,Very good professor and very interesting.
DistilroBERTa,35,4,0,Student engagement and participation | Clarity of explanations | Inclusivity and sense of belonging | Learning resources and materials,Eric is such a nice and empathetic person.
DistilroBERTa,33,4,0,Student engagement and participation | Clarity of explanations | Inclusivity and sense of belonging | Learning resources and materials,Good communicator and always engaged with students.
Gemini-2.5,1,7,0,"Course organization and structure | Student engagement and participation | Clarity of explanations | Effectiveness of assignments | Instructor's communication and availability | Assessment, grading, and feedback | Learning resources and materials","Eric Wu is a HUGE step up from the last professor who taught chemistry. He is a phenomenal educator who focuses mostly on the logical and understanding parts of chemistry. Taking out most of the memorizing parts, it allows students to fully immerse into thinking how chemistry works. Afterall, it is how the exams, homework, and discussions are structured, solving through deconstruction and reconstruction of the problem. The lectures themselves explains thoroughly through the steps of each step, calculations, or concept. Lectures are beautifully structured with multiple options to engage such as asking questions during the lecture through a QR code, provided downloadable notes, office hours, and plenty more."
Gemini-2.5,2,6,0,"Course organization and structure | Pace and workload | Student engagement and participation | Clarity of explanations | Assessment, grading, and feedback | Learning resources and materials","Professor Wu is a wonderful teacher and is very organized and clear with his teaching. I appreciate that he provided a myriad of resources and practice material along with lecture notes and midterm review sessions. He explains well the content of the class and makes frequent pauses throughout his lectures for answering questions. I appreciate that he is a fair grader and provides opportunities for students to achieve the best grade possible in the class. The pace of the class did seem a bit fast and rushed at times, but overall, Professor Wu did a good job of covering the material well in the ten weeks of the quarter."
Gemini-2.5,4,5,0,Course organization and structure | Pace and workload | Classroom atmosphere and interaction | Instructor's communication and availability | Learning resources and materials,"One of Wu's greatest strengths is his lecture–filled notes. If we are already familiar with the course material, we can just follow the lecture with the notes without having to write down anything. It is also a great tool for reviewing before, say, a midterm or the final exam. Another great strength of his is his coffee hours that he has with students after class. It's nice to get to know your teacher personally and establish a great connection. His final strength is the review sessions he has before midterms. They are well–organized and go over a good chunk of the material. The only weakness I can think of with Wu is how fast he goes during his lectures."
Gemini-2.5,5,4,0,Course organization and structure | Pace and workload | Effectiveness of assignments | Learning resources and materials,"Very organized, very manageable workload and difficulty, extremely helpful resources and practice problems for studying, lectures moved a little fast at times but not too bad, very conducive to learning overall"
Gemini-2.5,45,4,0,Clarity of explanations | Classroom atmosphere and interaction | Instructor's communication and availability | Inclusivity and sense of belonging,Dr. Wu showed a lot of concern for the students and was always making sure to answer any confusion.
Gemini-2.5,37,4,0,Clarity of explanations | Classroom atmosphere and interaction | Instructor's communication and availability | Inclusivity and sense of belonging,"Eric explains concepts very clearly with an emphasis on intuition and he encourages students to understand the material rather than rely solely on rote memory. His enthusiasm for chemistry is contagious. He is extremely welcoming, knowledgeable, approachable, and responsive to questions, and he takes the time to make sure students understand what is going on."
Gemini-2.5,25,4,1,"Pace and workload | Clarity of explanations | Assessment, grading, and feedback | None of the above / Other","Professor Wu is one of the best professors I've had since coming to UCLA. I really like his teaching style and how much he cares for his students. His lectures are consistently clear and paced well. His exams are fair – not too challenging, but also not too easy."
Gemini-2.5,14,3,0,Course organization and structure | Classroom atmosphere and interaction | Inclusivity and sense of belonging,Dr. Wu was amazing! Great lecturer who is very well organized and clearly cares about his students.
Gemini-2.5,61,3,1,"Assessment, grading, and feedback | Learning resources and materials | None of the above / Other",Great lecture style and posts notes and recordings which is very useful. Test prep is provided which I like. No complaints!
Gemini-2.5,58,3,1,Instructor's communication and availability | Inclusivity and sense of belonging | None of the above / Other,Professor Wu is extremely understanding and caring about his students needs. During the fires he was the only professor of mine to offer accommodations to those struggling. Not only is he extremely kind but he is a very good lecturer as well.
Llama3,4,6,0,"Course organization and structure | Pace and workload | Student engagement and participation | Clarity of explanations | Assessment, grading, and feedback | Learning resources and materials","Professor Wu is a wonderful teacher and is very organized and clear with his teaching. I appreciate that he provided a myriad of resources and practice material along with lecture notes and midterm review sessions. He explains well the content of the class and makes frequent pauses throughout his lectures for answering questions. I appreciate that he is a fair grader and provides opportunities for students to achieve the best grade possible in the class. The pace of the class did seem a bit fast and rushed at times, but overall, Professor Wu did a good job of covering the material well in the ten weeks of the quarter."
Llama3,5,5,0,Course organization and structure | Student engagement and participation | Clarity of explanations | Effectiveness of assignments | Instructor's communication and availability,"Dr. Wu's knowledge of chemistry is evident in his teaching. Every lecture was well prepared and provided information in a clear and organized way. It is also obvious that Dr. Wu truly cares about helping students learn. He provides a lot of helpful resources before every exam and also holds review sessions. Overall, he is a great teacher."
Llama3,10,5,0,Course organization and structure | Pace and workload | Effectiveness of assignments | Classroom atmosphere and interaction | Learning resources and materials,"Very organized, very manageable workload and difficulty, extremely helpful resources and practice problems for studying, lectures moved a little fast at times but not too bad, very conducive to learning overall"
Llama3,16,4,0,Course organization and structure | Pace and workload | Student engagement and participation | Clarity of explanations,He was the best professor I have had so far. He takes the time to really help us grasp the topic while still keeping us at a good pace to finish the class.
Llama3,6,4,0,Course organization and structure | Pace and workload | Student engagement and participation | Learning resources and materials,"One of Wu's greatest strengths is his lecture–filled notes. If we are already familiar with the course material, we can just follow the lecture with the notes without having to write down anything. It is also a great tool for reviewing before, say, a midterm or the final exam. Another great strength of his is his coffee hours that he has with students after class. It's nice to get to know your teacher personally and establish a great connection. His final strength is the review sessions he has before midterms. They are well–organized and go over a good chunk of the material. The only weakness I can think of with Wu is how fast he goes during his lectures."
Llama3,7,4,0,"Course organization and structure | Clarity of explanations | Effectiveness of assignments | Assessment, grading, and feedback",Very good at lecturing and very good at giving extra materials to study. Tests and homework were very fair and tested what we learned in class. One of the best professors I have had at UCLA in 5 quarters.
Llama3,2,4,0,Course organization and structure | Student engagement and participation | Clarity of explanations | Effectiveness of assignments,"Eric Wu is a HUGE step up from the last professor who taught chemistry. He is a phenomenal educator who focuses mostly on the logical and understanding parts of chemistry. Taking out most of the memorizing parts, it allows students to fully immerse into thinking how chemistry works. Afterall, it is how the exams, homework, and discussions are structured, solving through deconstruction and reconstruction of the problem. The lectures themselves explains thoroughly through the steps of each step, calculations, or concept. Lectures are beautifully structured with multiple options to engage such as asking questions during the lecture through a QR code, provided downloadable notes, office hours, and plenty more."
Llama3,12,4,0,"Course organization and structure | Pace and workload | Clarity of explanations | Assessment, grading, and feedback","Professor Wu is one of the best professors I've had since coming to UCLA. I really like his teaching style and how much he cares for his students. His lectures are consistently clear and paced well. His exams are fair – not too challenging, but also not too easy."
Llama3,1,3,0,Course organization and structure | Pace and workload | Instructor's communication and availability,"Exactly as the class should have been. Professor Wu obviously cares about his students success and I feel as though he did everything possible to set us up for success. I don't know if this will come across the way I intend it to but I really appreciate how normal this class was. What I mean is that it didn't consume too much of my time or attention but I still came out having learned everything I needed to; it was a very seamless experience. I feel as though I got exactly what I wanted out of this class (a stress–free experience learning the basics of chemistry) and had I wanted something else (say, an introduction to the marvels of chemistry) Wu could have provided that too. Thank you professor Wu and keep up the good work <3"
Llama3,24,3,0,Course organization and structure | Clarity of explanations | Learning resources and materials,"Professor Eric was always prepared with clear lectures and notes, and provided us with various resources."
roBERTa,1,5,0,Course organization and structure | Student engagement and participation | Clarity of explanations | Effectiveness of assignments | Classroom atmosphere and interaction,"Exactly as the class should have been. Professor Wu obviously cares about his students success and I feel as though he did everything possible to set us up for success. I don't know if this will come across the way I intend it to but I really appreciate how normal this class was. What I mean is that it didn't consume too much of my time or attention but I still came out having learned everything I needed to; it was a very seamless experience. I feel as though I got exactly what I wanted out of this class (a stress–free experience learning the basics of chemistry) and had I wanted something else (say, an introduction to the marvels of chemistry) Wu could have provided that too. Thank you professor Wu and keep up the good work <3"
roBERTa,87,5,0,"Clarity of explanations | Effectiveness of assignments | Classroom atmosphere and interaction | Inclusivity and sense of belonging | Assessment, grading, and feedback","Keep doing what you're doing, cause everyone loves it!"
roBERTa,53,5,0,Pace and workload | Student engagement and participation | Clarity of explanations | Effectiveness of assignments | Classroom atmosphere and interaction,Professor Wu is one of the best professors I've had at UCLA.
roBERTa,2,5,0,Course organization and structure | Pace and workload | Student engagement and participation | Clarity of explanations | Effectiveness of assignments,"Eric Wu is a HUGE step up from the last professor who taught chemistry. He is a phenomenal educator who focuses mostly on the logical and understanding parts of chemistry. Taking out most of the memorizing parts, it allows students to fully immerse into thinking how chemistry works. Afterall, it is how the exams, homework, and discussions are structured, solving through deconstruction and reconstruction of the problem. The lectures themselves explains thoroughly through the steps of each step, calculations, or concept. Lectures are beautifully structured with multiple options to engage such as asking questions during the lecture through a QR code, provided downloadable notes, office hours, and plenty more."
roBERTa,51,5,0,Pace and workload | Student engagement and participation | Clarity of explanations | Effectiveness of assignments | Classroom atmosphere and interaction,Professor Wu is truly an outstanding educator!
roBERTa,50,5,0,Pace and workload | Clarity of explanations | Effectiveness of assignments | Classroom atmosphere and interaction | Inclusivity and sense of belonging,Prof Wu is the GOAT.
roBERTa,49,5,0,Pace and workload | Student engagement and participation | Clarity of explanations | Effectiveness of assignments | Classroom atmosphere and interaction,This instructor was very caring and knowledgeable.
roBERTa,48,5,0,Pace and workload | Clarity of explanations | Effectiveness of assignments | Classroom atmosphere and interaction | Instructor's communication and availability,"Everything helped me learn, and no time was wasted."
roBERTa,46,5,0,Pace and workload | Student engagement and participation | Clarity of explanations | Effectiveness of assignments | Classroom atmosphere and interaction,Professor Wu is thorough and complete in his teaching.
roBERTa,56,5,0,"Student engagement and participation | Clarity of explanations | Effectiveness of assignments | Inclusivity and sense of belonging | Assessment, grading, and feedback",Great lecture style and posts notes and recordings which is very useful. Test prep is provided which I like. No complaints!
