Course ID,Overall Score,Topic,Topic Average Score,Feedback,Sentiment,Score,Confidence,Reasoning,Topic Summary
CHEM_14A_Fall2025,3.24,Course organization and structure,4.0,The strengths of this course is that we got through all the material so it was excellent on time management.,neutral,3,1.0,"The feedback does not explicitly mention course organization or structure, so it cannot be considered a positive or negative comment on this topic.","Summary of Course organization and structure: The course organization and structure received an average score of 4.0, with all comments falling under positive or neutral sentiments."
CHEM_14A_Fall2025,3.24,Course organization and structure,4.0,I believe Dr.Ramachandran has a very organized course and truly cares about the success of her students.,positive,4,1.0,"The feedback explicitly states that Dr.Ramachandran has an 'organized course', which means the structure and organization of the course are clear and work well.",
CHEM_14A_Fall2025,3.24,Course organization and structure,4.0,She made the hardest concepts seem very manageable and did a very good job at organizing her course.,positive,5,1.0,She made the hardest concepts seem very manageable and did a very good job at organizing her course.,
CHEM_14A_Fall2025,3.24,Pace,1.0,"The material on the exams was always fair, my only problem was the time constraint as it resulted in a very stressful environment that made it very likely for students to blank out during the exam, more time should be allotted for exams.",negative,1,1.0,"The feedback explicitly states that the time constraint resulted in a very stressful environment, which made it hard to keep up.","Summary of Pace: The course pace received an average score of 1.0, with two negative comments that highlighted time constraints and feeling rushed during exams, contributing to stressful environments. The sentiment counts indicate that all feedback was negative regarding the pace."
CHEM_14A_Fall2025,3.24,Pace,1.0,I feel like organic chemistry is just being thrown into the class material and we do not have much time to go over it before the final.,negative,1,0.8,"The feedback explicitly mentions that the course pace 'moves way too fast' and they don't have much time to cover material, which suggests that the pace is overwhelming.",
CHEM_14A_Fall2025,3.24,Workload,,,,,,,Summary of Workload: No comments were assigned to this topic.
CHEM_14A_Fall2025,3.24,Student engagement and participation,5.0,Ramachandran puts into her course and making sure students feel free to ask questions and ask for explana- tion when they don’t understand.,positive,5,1.0,"The instructor's approach encourages students to feel free to ask questions and seek explanations, indicating high levels of engagement.","Summary of Student engagement and participation: The course received an average score of 5.0, with all comments expressing positive sentiments. Students felt encouraged to ask questions and participate in discussions, appreciating the instructor's efforts to create a engaging learning environment."
CHEM_14A_Fall2025,3.24,Student engagement and participation,5.0,"She encourages discussion, ask- ing questions and provide incentives such as worksheets for people to go to her office hours.",positive,5,0.9,"The feedback mentions 'encourages discussion', which implies a high level of student engagement and participation.",
CHEM_14A_Fall2025,3.24,Clarity of explanations,5.0,Presentations and lectures were very clear.,positive,5,1.0,"The feedback explicitly states that presentations and lectures were 'very clear', indicating that the instructor's explanations made it easy to understand, which matches rubric score 5.","Summary of Clarity of explanations: The course received an average score of 5.0 out of 5, with all 6 comments expressing positive sentiment, indicating that students found the explanations very clear and easy to understand."
CHEM_14A_Fall2025,3.24,Clarity of explanations,5.0,Professor’s teaching is always clear.,positive,5,1.0,"The feedback explicitly states that the professor's teaching is 'always clear', which indicates that no additional time was needed to understand, matching the rubric score of 5.",
CHEM_14A_Fall2025,3.24,Clarity of explanations,5.0,"I love her lectures, and I can always understand the concepts after her explanation.",positive,5,1.0,"I love her lectures, and I can always understand the concepts after her explanation.",
CHEM_14A_Fall2025,3.24,Clarity of explanations,5.0,She is very good at communication and makes chemistry very easy to understand.,positive,5,1.0,"She makes chemistry very easy to understand, indicating that her explanations are clear and effective.",
CHEM_14A_Fall2025,3.24,Clarity of explanations,5.0,The professor is great at explaining conceptual topics which is relevant to many students as the MCAT composes mainly of conceptual questions.,positive,5,1.0,"The feedback explicitly states that the professor 'is great at explaining conceptual topics' which aligns with the rubric's definition of clarity of explanations, indicating no additional effort was needed to understand.",
CHEM_14A_Fall2025,3.24,Clarity of explanations,5.0,She doesn’t just go through the lecture and hope you understand.,positive,5,0.9,"The feedback explicitly states that the instructor does not just 'go through the lecture' and hope students understand, implying a more active approach to explanation.",
CHEM_14A_Fall2025,3.24,Effectiveness of assignments,3.0,I think weekly graded homeworks should be included for a small portion of the grade.,positive,4,0.9,"The feedback suggests that homeworks should be included, implying that assignments are effective in supporting understanding and practice.","Summary of Effectiveness of assignments: The effectiveness of assignments has mixed feedback, with an average score of 3.0 out of 5 and 2 comments provided. While one student found the assignments helpful in supporting understanding (score: 4), another student felt they had little impact (score: 2)."
CHEM_14A_Fall2025,3.24,Effectiveness of assignments,3.0,I think more example problems and clicker questions would help.,negative,2,0.8,"The feedback does not explicitly state that assignments are ineffective, but it also doesn't suggest they're very effective or helpful in improving understanding.",
CHEM_14A_Fall2025,3.24,Classroom atmosphere,,,,,,,Summary of Classroom atmosphere: No comments were assigned to this topic.
CHEM_14A_Fall2025,3.24,Instructor's communication and availability,4.33,"The strengths that this professor has performed was teaching skills, knowledge of the material, communication, and concern of the students.",positive,5,0.8,"The comment mentions 'communication' as one of the professor's strengths, implying that the instructor was highly available and communicated effectively with students.","Summary of Instructor's communication and availability: The instructor received an average score of 4.33, with 6 comments overall, indicating that students generally had positive experiences with her communication and availability. All 4 positive sentiment comments praised the instructor's prompt responses, clear communication, and willingness to meet with students, while the 2 neutral sentiment comments only suggested minor areas for improvement."
CHEM_14A_Fall2025,3.24,Instructor's communication and availability,4.33,"The professor very clearly represents a concern for student learning and Is always very welcoming of students to attend office hours or set time aside to meet with her as she did, which was a huge time commitment on her part.",positive,5,0.9,"The professor 'very clearly' represents a concern for student learning and is always welcoming, indicating timely and consistent communication.",
CHEM_14A_Fall2025,3.24,Instructor's communication and availability,4.33,I would request is that she give reminders for graded clicker question in an email before lecture like she did the first time.,neutral,3,1.0,"The student suggests that the instructor should provide reminders for graded clicker questions, implying that the instructor is already communicating in some way, but could improve.",
CHEM_14A_Fall2025,3.24,Instructor's communication and availability,4.33,"She is open and welcoming, and always responds super quickly to discussion posts and emails.",positive,5,1.0,She responds super quickly to discussion posts and emails.,
CHEM_14A_Fall2025,3.24,Instructor's communication and availability,4.33,"I wanted to go to her office hours but I was always intimidated by the number of people there, but I will definitely start trying when I take her class in the fall.",neutral,3,0.8,"The student mentions they were intimidated by the number of people at office hours, but does not express frustration or disappointment with the instructor's communication or availability.",
CHEM_14A_Fall2025,3.24,Instructor's communication and availability,4.33,"Professor Rama chandra n expressed genuine efforts in catering the course to her students needs, she set aside time to meet with us and often asked for our feedback throughout the quarter.",positive,5,1.0,"The comment mentions that Professor Rama chandra n set aside time to meet with students and often asked for feedback, indicating high availability and effective communication.",
CHEM_14A_Fall2025,3.24,Inclusivity and sense of belonging,5.0,This was the first time I felt welcomed and interested in such material.,positive,5,0.9,"The feedback explicitly mentions feeling 'welcomed' for the first time, which indicates a strong sense of inclusion and belonging in the course.","Summary of Inclusivity and sense of belonging: The course environment was highly inclusive, with all students feeling welcome and interested in the material. One student commented that this was the first time they felt welcomed and interested in such material, indicating a strong sense of inclusivity and sense of belonging."
CHEM_14A_Fall2025,3.24,Assessment,2.0,"The material on the exams was always fair, my only problem was the time constraint as it resulted in a very stressful environment that made it very likely for students to blank out during the exam, more time should be allotted for exams.",negative,2,0.8,"Although the feedback mentions the assessment being fair, it also highlights issues with time constraint and its impact on student performance during the exam.","Summary of Assessment: One student expressed frustration with time constraints on exams, which led to a stressful environment and increased risk of blanking out during the exam. Overall, the average score is 2.0, indicating that assessments had some issues with clarity or alignment with course material."
CHEM_14A_Fall2025,3.24,Grading and feedback,2.0,I think her exams and grading system are fair but it would be very helpful if there could be a timer on the screen during exams instead of just a minute warning.,positive,4,0.9,"The comment praises the fairness of grading, and suggests a minor improvement to make it more helpful.","Summary of Grading and feedback: Overall, students were generally dissatisfied with the grading and feedback in this course, with 5 out of 6 comments expressing negative sentiment."
CHEM_14A_Fall2025,3.24,Grading and feedback,2.0,I also do not think partial credit was fair.,negative,1,0.8,"The feedback explicitly mentions grading fairness, stating 'I also do not think partial credit was fair', indicating inconsistency in grading.",
CHEM_14A_Fall2025,3.24,Grading and feedback,2.0,"The only weakness of her class in general is that once one grade is low, it is incredibly difficult to raise your grade.",negative,1,0.8,"The comment states that once a grade is low, it's 'incredibly difficult to raise your grade', implying inconsistent or unfair grading.",
CHEM_14A_Fall2025,3.24,Grading and feedback,2.0,I learned a lot and worked very hard but my grade doesn’t reflect it.,negative,2,0.8,"The student explicitly states that their grade 'doesn't reflect' their effort and learning, implying a perception of grading unfairness.",
CHEM_14A_Fall2025,3.24,Grading and feedback,2.0,Her grading scale is a bit harsh and she does not give too much partial credit.,negative,2,0.8,"The comment mentions that her grading scale is 'a bit harsh' and she doesn't give too much partial credit, indicating a lack of helpful feedback.",
CHEM_14A_Fall2025,3.24,Grading and feedback,2.0,It would be nice if she could adopt a policy where students had higher chances for redemption.,negative,2,0.8,"The comment suggests that the grading system could be improved, specifically by having a 'higher chance for redemption', implying that the current feedback is not satisfactory.",
CHEM_14A_Fall2025,3.24,Learning resources and materials,1.0,"However, I believe that the course could be improved in terms of the course resources that are posted online on CCLE.",negative,1,0.8,"The feedback mentions that resources were posted online, but does not explicitly state they were useful or helpful.","Summary of Learning resources and materials: The majority of students found that the learning resources and materials were missing, unclear, or not useful, citing issues with inconsistent formatting and lack of explanation in power points. Overall, 5 out of 5 students gave a score of 1, indicating significant concerns with the quality of these resources."
CHEM_14A_Fall2025,3.24,Learning resources and materials,1.0,I found the formatting of the power points to be inconsistent and lacking in explanation which made it difficult to review them before quizzes and tests without rewatching the entire bruin cast.,negative,1,0.8,"The feedback explicitly states that the power points were 'inconsistent and lacking in explanation', which made it difficult to review them before quizzes and tests, indicating a lack of useful learning materials.",
CHEM_14A_Fall2025,3.24,Learning resources and materials,1.0,I thinkthe formatting of the power points to be inconsistent andlacking in explanation which made it difficult to review them before quizzes and tests without rewatching the entire bruin cast.,negative,1,0.5,"The power points' inconsistent formatting and lack of explanation made it difficult to review them, indicating poorly prepared learning materials.",
CHEM_14A_Fall2025,3.24,Learning resources and materials,1.0,I would say however that the level of questions on the tests seem to exceed what is taught in class and at times I felt unprepared for the midterms because lack of adequate resources and uncertainty about what I would actually be expected to do on an exam.,negative,1,0.8,"The comment states that there was a lack of adequate resources, which suggests that learning materials were missing or not useful.",
CHEM_14A_Fall2025,3.24,Learning resources and materials,1.0,"However, I found the formatting of the power points to be inconsistent and lacking in explanation which made it difficult to review them before quizzes and tests without rewatching the entire bruin cast.",negative,1,0.8,"The power points lacked explanation, making it difficult to review them before quizzes and tests.",
CHEM_14A_Fall2025,3.24,None of the above / Other,,I felt like Ramachandran really cared about the students doing well and provided all of us ample opportunity to supplement when we were struggling.,,,,Generic or non-actionable feedback; no rubric score assigned.,"Summary of None of the above / Other: The majority of comments (40) praised Professor Ramachandran's teaching style, emphasizing her genuine care for students' learning and understanding."
CHEM_14A_Fall2025,3.24,None of the above / Other,,Overall the lectures for this class were really good I understood most of the lectures and was able to follow along easily.,,,,Generic or non-actionable feedback; no rubric score assigned.,
CHEM_14A_Fall2025,3.24,None of the above / Other,,Professor Ramachandran is an engaging lecturer and very obviously cares about students understanding the material.,,,,Generic or non-actionable feedback; no rubric score assigned.,
CHEM_14A_Fall2025,3.24,None of the above / Other,,I know that many of us struggle with such dense course but I believe that Professor Ramachandran has made is extremely doable and under- standable for everyone.,,,,Generic or non-actionable feedback; no rubric score assigned.,
CHEM_14A_Fall2025,3.24,None of the above / Other,,I think it was confusing at times when assignments and quizzes would be thrown at us at times different than originally specified at the beginning of the quarter.,,,,Generic or non-actionable feedback; no rubric score assigned.,
CHEM_14A_Fall2025,3.24,None of the above / Other,,"Overall, I love this professor, and I can’t wait to have her again in the Fall for 14C!",,,,Generic or non-actionable feedback; no rubric score assigned.,
CHEM_14A_Fall2025,3.24,None of the above / Other,,"Ramachandran really cares about us students, and makes lots of efforts to let us learn real knowledge.",,,,Generic or non-actionable feedback; no rubric score assigned.,
CHEM_14A_Fall2025,3.24,None of the above / Other,,Ramachandran genuinely cares for the well being of her students and is constantly trying to improve her teaching methods.,,,,Generic or non-actionable feedback; no rubric score assigned.,
CHEM_14A_Fall2025,3.24,None of the above / Other,,"The instructor really cares about her students and what she teaches, which is apparent through her lectures and the resources she provides for her students.",,,,Generic or non-actionable feedback; no rubric score assigned.,
CHEM_14A_Fall2025,3.24,None of the above / Other,,"The instructor takes the time togo over any question that is asked during lecture, does her best to make sure that students are understanding the material in case there is any confusion.",,,,Generic or non-actionable feedback; no rubric score assigned.,
CHEM_14A_Fall2025,3.24,None of the above / Other,,I really believe that a lot of that has to do with Professor Rama chandra n’s teaching style and I appreciate that very much.,,,,Generic or non-actionable feedback; no rubric score assigned.,
CHEM_14A_Fall2025,3.24,None of the above / Other,,"I got a B+ in 14A which is supposed to be the ’weeder’ class, which means I passed my midterms and my final.",,,,Generic or non-actionable feedback; no rubric score assigned.,
CHEM_14A_Fall2025,3.24,None of the above / Other,,The strengths of the professor are in her way of teaching.,,,,Generic or non-actionable feedback; no rubric score assigned.,
CHEM_14A_Fall2025,3.24,None of the above / Other,,Rama chandra n made it clear from day one that she is very concerned with helping students succeed as much as possible.,,,,Generic or non-actionable feedback; no rubric score assigned.,
CHEM_14A_Fall2025,3.24,None of the above / Other,,Just please— consider this.,,,,Generic or non-actionable feedback; no rubric score assigned.,
CHEM_14A_Fall2025,3.24,None of the above / Other,,I thought she taught really well.,,,,Generic or non-actionable feedback; no rubric score assigned.,
CHEM_14A_Fall2025,3.24,None of the above / Other,,"I think the implementation of clicker questions really gave me an idea of what exam questions would be like, so clickers were very helpful and they should be used more often!",,,,Generic or non-actionable feedback; no rubric score assigned.,
CHEM_14A_Fall2025,3.24,None of the above / Other,,"Overall, I really enjoyed Ramachandran as a professor and felt confident in a subject I did not think I would be.",,,,Generic or non-actionable feedback; no rubric score assigned.,
CHEM_14A_Fall2025,3.24,None of the above / Other,,Ramachandran actually cares that we do well and that we understand the course inside and out.,,,,Generic or non-actionable feedback; no rubric score assigned.,
CHEM_14A_Fall2025,3.24,None of the above / Other,,"I have no complaints, I am extremely happy with this course and the professor.",,,,Generic or non-actionable feedback; no rubric score assigned.,
CHEM_14A_Fall2025,3.24,None of the above / Other,,I think in general Dr.,,,,Generic or non-actionable feedback; no rubric score assigned.,
CHEM_14A_Fall2025,3.24,None of the above / Other,,Ramachandran is a very intelligent woman and is always prepared to teach and help those who do not understand any concepts.,,,,Generic or non-actionable feedback; no rubric score assigned.,
CHEM_14A_Fall2025,3.24,None of the above / Other,,Tends to get ex- tremely anxious during exams (weakness).,,,,Generic or non-actionable feedback; no rubric score assigned.,
CHEM_14A_Fall2025,3.24,None of the above / Other,,"Professor Rama chandra nisa professor who deserves her high Bruin Walk ratings, as she has shown more concern about her students than any professor I’ve had at UCLA.",,,,Generic or non-actionable feedback; no rubric score assigned.,
CHEM_14A_Fall2025,3.24,None of the above / Other,,Strength is the amount of care Dr.,,,,Generic or non-actionable feedback; no rubric score assigned.,
CHEM_14A_Fall2025,3.24,None of the above / Other,,Ramachandran really cares about student learning and clearly makes an effort to provide resources and support to students.,,,,Generic or non-actionable feedback; no rubric score assigned.,
CHEM_14A_Fall2025,3.24,None of the above / Other,,She is very understanding and very approachable.,,,,Generic or non-actionable feedback; no rubric score assigned.,
CHEM_14A_Fall2025,3.24,None of the above / Other,,You can tell that she cares about her students and tries her best for us to be successful.,,,,Generic or non-actionable feedback; no rubric score assigned.,
CHEM_14A_Fall2025,3.24,None of the above / Other,,"Overall, I had a fantastic time in class.",,,,Generic or non-actionable feedback; no rubric score assigned.,
CHEM_14A_Fall2025,3.24,None of the above / Other,,"Professor Ramachandran genuinely care about student learning and im- provement, and she made chemistry more bearable.",,,,Generic or non-actionable feedback; no rubric score assigned.,
CHEM_14A_Fall2025,3.24,None of the above / Other,,She really was invested in student learning which I appreciated a lot as my last chemistry class was not as student-focused and I felt behind all the time.,,,,Generic or non-actionable feedback; no rubric score assigned.,
CHEM_14A_Fall2025,3.24,None of the above / Other,,I think Professor Rama chandra n really cares about her students learning and it shows.,,,,Generic or non-actionable feedback; no rubric score assigned.,
CHEM_14A_Fall2025,3.24,None of the above / Other,,The professor really cares about her students and wants them to succeed.,,,,Generic or non-actionable feedback; no rubric score assigned.,
CHEM_14A_Fall2025,3.24,None of the above / Other,,She is very kind and understanding and does what she can to ensure her students are engaging in the class and doing well.,,,,Generic or non-actionable feedback; no rubric score assigned.,
CHEM_14A_Fall2025,3.24,None of the above / Other,,I appreciate how hard she works and how much she cares.,,,,Generic or non-actionable feedback; no rubric score assigned.,
CHEM_14A_Fall2025,3.24,None of the above / Other,,I think everything about Dr.,,,,Generic or non-actionable feedback; no rubric score assigned.,
CHEM_14A_Fall2025,3.24,None of the above / Other,,she makes sure we are always up to date with our grades and what we are learning in class by posting everything on CCLE.,,,,Generic or non-actionable feedback; no rubric score assigned.,
CHEM_14A_Fall2025,3.24,None of the above / Other,,"Overall, she provides a lot of practice and opportunities for students to learn and grow.",,,,Generic or non-actionable feedback; no rubric score assigned.,
CHEM_14A_Fall2025,3.24,None of the above / Other,,Professor Ramachandran completely changed Chemistry for me and I am so thankful I came across this class.,,,,Generic or non-actionable feedback; no rubric score assigned.,
CHEM_14A_Fall2025,3.24,None of the above / Other,,Strengths of this professor include her real concern for how the class was doing and providing resources to students who needed the help.,,,,Generic or non-actionable feedback; no rubric score assigned.,
