Feedback,Topic,Sentiment,Score,Reasoning
"Exactly as the class should have been. Professor Wu obviously cares about his students success and I feel as though he did everything possible to set us up for success. I don't know if this will come across the way I intend it to but I really appreciate how normal this class was. What I mean is that it didn't consume too much of my time or attention but I still came out having learned everything I needed to; it was a very seamless experience. I feel as though I got exactly what I wanted out of this class (a stress–free experience learning the basics of chemistry) and had I wanted something else (say, an introduction to the marvels of chemistry) Wu could have provided that too. Thank you professor Wu and keep up the good work <3",Course organization and structure,positive,5,"The feedback describes a 'seamless experience,' indicating clarity and effectiveness of the course organization, aligning with a score of 5."
"Eric Wu is a HUGE step up from the last professor who taught chemistry. He is a phenomenal educator who focuses mostly on the logical and understanding parts of chemistry. Taking out most of the memorizing parts, it allows students to fully immerse into thinking how chemistry works. Afterall, it is how the exams, homework, and discussions are structured, solving through deconstruction and reconstruction of the problem. The lectures themselves explains thoroughly through the steps of each step, calculations, or concept. Lectures are beautifully structured with multiple options to engage such as asking questions during the lecture through a QR code, provided downloadable notes, office hours, and plenty more.",Course organization and structure,positive,5,"The feedback highlights a well-structured course with clear lectures, engaging options, and a focus on understanding, aligning perfectly with a '5' rating."
"Professor Wu is a wonderful teacher and is very organized and clear with his teaching. I appreciate that he provided a myriad of resources and practice material along with lecture notes and midterm review sessions. He explains well the content of the class and makes frequent pauses throughout his lectures for answering questions. I appreciate that he is a fair grader and provides opportunities for students to achieve the best grade possible in the class. The pace of the class did seem a bit fast and rushed at times, but overall, Professor Wu did a good job of covering the material well in the ten weeks of the quarter.",Course organization and structure,positive,4,"While the feedback mentions a slightly fast pace, the overall assessment highlights the professor's organization, clarity, and provision of resources, aligning with a 'clear and worked well' structure (score 4)."
"Dr. Wu's knowledge of chemistry is evident in his teaching. Every lecture was well prepared and provided information in a clear and organized way. It is also obvious that Dr. Wu truly cares about helping students learn. He provides a lot of helpful resources before every exam and also holds review sessions. Overall, he is a great teacher.",Course organization and structure,positive,5,"The feedback explicitly states 'well prepared and provided information in a clear and organized way,' directly aligning with a '5' score on the rubric."
"One of Wu's greatest strengths is his lecture–filled notes. If we are already familiar with the course material, we can just follow the lecture with the notes without having to write down anything. It is also a great tool for reviewing before, say, a midterm or the final exam. Another great strength of his is his coffee hours that he has with students after class. It's nice to get to know your teacher personally and establish a great connection. His final strength is the review sessions he has before midterms. They are well–organized and go over a good chunk of the material. The only weakness I can think of with Wu is how fast he goes during his lectures.",Course organization and structure,positive,3,"While the feedback mentions a weakness (lectures moving too fast), it primarily highlights strengths: organized review sessions and coffee hours, suggesting a generally well-structured course."
"Professor Wu was very organized with his lecture notes and always posted materials online, which were very helpful. His review sessions prior to midterms were also very helpful and definitely contributed to my success in the class.",Course organization and structure,positive,4,"The feedback highlights organization (lecture notes, online materials) and helpful review sessions, indicating a clear and effective structure."
"Professor Wu is one of the best professors I've had since coming to UCLA. I really like his teaching style and how much he cares for his students. His lectures are consistently clear and paced well. His exams are fair – not too challenging, but also not too easy.",Course organization and structure,positive,4,"The feedback highlights 'clear and paced well' lectures and 'fair' exams, indicating a well-structured and easy-to-follow course."
"Professor Wu is very organized and teaches in a way that was digestible. I hope my future teachers are like him because even though this class was tough, I was able to thrive due to his teaching techniques.",Course organization and structure,positive,5,"The feedback explicitly praises the professor's organization and teaching style as 'digestible,' leading to student success. This aligns with a '5' rating – excellent and easy to understand."
Excellent communicator and very organized. Only weakness of this course is that it seems to do a lot of hand–waving over more complex concepts.,Course organization and structure,positive,4,"The feedback highlights 'excellent communicator and very organized,' aligning with a clear and well-structured course (Score 4). The mention of 'hand-waving' is a minor issue, not a fundamental flaw in the organization itself."
"He's awesome, does lecture in a clear and concise way, explains what we need to know before exams, class is organized.",Course organization and structure,positive,4,"The feedback explicitly states the class is 'organized' and that the lectures are 'clear and concise', aligning with a clear and well-structured course (Score 4)."
"Professor Wu led an organized, well structured class with a lot of helpful resources.",Course organization and structure,positive,5,"The feedback explicitly praises the 'organized, well-structured class' with 'helpful resources,' aligning perfectly with a score of 5."
Dr. Wu is very organized and his lectures reflect his test and quizzes.,Course organization and structure,positive,5,"The feedback explicitly praises the organization and reflects the alignment of lectures with assessments, indicating a clear and effective structure."
Eric is an excellent professor. From his lectures to his homework to his tests he is very organized and very communicative.,Course organization and structure,positive,5,"The feedback explicitly states the professor is 'very organized and very communicative,' aligning perfectly with a course organization and structure that is excellent and makes the material easy to understand (Score 5)."
Professor Wu is extremely organized and explains concepts very clearly. He truly wants to help students succeed.,Course organization and structure,positive,5,"The feedback describes the professor as 'extremely organized' and with 'clear explanations,' indicating a well-structured and easy-to-understand course."
Excellent course. Only criticism is lectures move very quickly.,Course organization and structure,positive,5,"The feedback states 'Excellent course,' and the single criticism—lectures moving quickly—is a minor issue easily addressed, suggesting a highly effective structure and clear presentation of material."
Professor Wu understands how to teach an undergraduate course. Workloads are manageable and the class is well–taught.,Course organization and structure,positive,4,"The feedback states 'workloads are manageable and the class is well-taught,' indicating a clear and functional structure."
Dr. Wu was amazing! Great lecturer who is very well organized and clearly cares about his students.,Course organization and structure,positive,5,"The feedback explicitly praises the lecturer's organization and clarity, aligning with the highest positive level of the rubric."
"Chemistry is difficult and a lot to digest, but Professor Wu made it extremely manageable.",Course organization and structure,positive,5,"The feedback indicates the course was 'extremely manageable,' directly aligning with a clear and well-structured course, indicating a positive experience."
"Very organized, clear and concise.",Course organization and structure,positive,5,"The feedback explicitly praises the course as 'very organized, clear, and concise,' aligning perfectly with a '5' rating."
Professor Wu is extremely organized and adapts based on feedback.,Course organization and structure,positive,5,"The feedback highlights 'extremely organized' and adaptation based on feedback, directly aligning with the criteria for an excellent course structure (Score 5)."
Very organized and great communication.,Course organization and structure,positive,5,"The feedback 'Very organized and great communication' directly aligns with a clear and well-structured course, indicating excellent organization and ease of understanding (Score 5)."
Some strengths include organization and being welcoming.,Course organization and structure,positive,3,"The feedback mentions 'organization' as a strength, indicating a functional structure, but also notes 'being welcoming' which is separate from the structure itself. It doesn't explicitly state clarity or effectiveness, hence a score of 3 (okay)."
Professor Wu is extremely organized and clear as a lecturer.,Course organization and structure,positive,5,"The feedback explicitly states the professor is 'extremely organized and clear,' aligning perfectly with a course organization and structure being excellent."
"Very organized, and the class material is easy to understand.",Course organization and structure,positive,5,"The feedback explicitly states the course material is 'easy to understand,' aligning with a clear and well-organized structure (Score 5)."
This instructor is fantastic and very organized.,Course organization and structure,positive,5,"The feedback explicitly states the instructor is 'fantastic and very organized,' aligning perfectly with a '5' rating on the rubric."
"Exactly as the class should have been. Professor Wu obviously cares about his students success and I feel as though he did everything possible to set us up for success. I don't know if this will come across the way I intend it to but I really appreciate how normal this class was. What I mean is that it didn't consume too much of my time or attention but I still came out having learned everything I needed to; it was a very seamless experience. I feel as though I got exactly what I wanted out of this class (a stress–free experience learning the basics of chemistry) and had I wanted something else (say, an introduction to the marvels of chemistry) Wu could have provided that too. Thank you professor Wu and keep up the good work <3",Pace,positive,3,"The feedback describes a 'seamless experience' and a 'stress-free' learning environment, implying a reasonable pace that met the student's expectations and goals."
"Great professor, the only thing was that the lectures were very fast. Sometimes it made it hard to follow along. I think a good solution would be to do less examples, and spend more times on the ones that we do in lecture.",Pace,negative,2,"The feedback indicates the pace was 'very fast' and 'hard to follow along,' aligning with a somewhat slow pace (Score 2) but leaning negative due to the difficulty experienced."
"One of Wu's greatest strengths is his lecture–filled notes. If we are already familiar with the course material, we can just follow the lecture with the notes without having to write down anything. It is also a great tool for reviewing before, say, a midterm or the final exam. Another great strength of his is his coffee hours that he has with students after class. It's nice to get to know your teacher personally and establish a great connection. His final strength is the review sessions he has before midterms. They are well–organized and go over a good chunk of the material. The only weakness I can think of with Wu is how fast he goes during his lectures.",Pace,negative,5,"The feedback explicitly states 'how fast he goes during his lectures,' directly indicating a pace that is 'way too fast' and making it 'hard to keep up,' aligning with Score 5."
"Professor Wu is one of the best professors I've had since coming to UCLA. I really like his teaching style and how much he cares for his students. His lectures are consistently clear and paced well. His exams are fair – not too challenging, but also not too easy.",Pace,positive,3,"The feedback explicitly states 'paced well,' indicating a reasonable pace, aligning with score 3."
All the info needed for exams were on his slides and given to us. I think the exams tested our knowledge adequately. I think the pace of his class was quick which made me overwhelmed at times.,Pace,negative,2,"The feedback states the pace was 'quick' and 'overwhelming,' indicating a negative experience."
He was the best professor I have had so far. He takes the time to really help us grasp the topic while still keeping us at a good pace to finish the class.,Pace,positive,3,"The feedback indicates a 'good pace' and a balance between thorough explanation and timely completion, aligning with a 'reasonable overall' pace (score 3)."
"Wu is very explanatory and in depth with the material. However, material is very advanced for those without a background in chemistry.",Pace,negative,2,"The feedback indicates the material is 'very advanced,' suggesting a pace that might be too fast for some learners without prior chemistry knowledge, leaning towards a somewhat slow pace for those lacking the foundational understanding."
"Great lecturer and note taker, though tends to talk too quickly.",Pace,negative,2,"Talking too quickly indicates a pace that is 'somewhat slow at times,' aligning with score 2."
Excellent course. Only criticism is lectures move very quickly.,Pace,negative,5,"The feedback explicitly states the lectures 'move very quickly,' indicating a pace that is too fast and difficult to keep up with, aligning with score 5."
Strengths: simplifying course material. Weakness: fast pacing.,Pace,negative,4,"The feedback explicitly identifies 'fast pacing,' which aligns with a pace that moves 'way too fast'."
He is a great lecturer but his midterms are too long for 50 minutes.,Pace,negative,2,"The feedback states the midterms are 'too long for 50 minutes,' indicating a pace that is slower than ideal, leaning towards a somewhat slow pace."
"Exactly as the class should have been. Professor Wu obviously cares about his students success and I feel as though he did everything possible to set us up for success. I don't know if this will come across the way I intend it to but I really appreciate how normal this class was. What I mean is that it didn't consume too much of my time or attention but I still came out having learned everything I needed to; it was a very seamless experience. I feel as though I got exactly what I wanted out of this class (a stress–free experience learning the basics of chemistry) and had I wanted something else (say, an introduction to the marvels of chemistry) Wu could have provided that too. Thank you professor Wu and keep up the good work <3",Workload,positive,4,"The student explicitly states the workload felt 'too much' and describes the experience as 'stress-free,' indicating a perceived overload and thus a high score reflecting the feeling of it being too heavy."
"Wu is very explanatory and in depth with the material. However, material is very advanced for those without a background in chemistry.",Workload,negative,2,"The feedback highlights the material as 'very advanced,' suggesting it's a challenge and potentially overwhelming for students without a chemistry background, leaning towards a slightly heavier workload than ideal."
Professor Wu understands how to teach an undergraduate course. Workloads are manageable and the class is well–taught.,Workload,positive,3,"The feedback states the workload is 'manageable,' aligning with rubric level 3."
"Eric Wu is a HUGE step up from the last professor who taught chemistry. He is a phenomenal educator who focuses mostly on the logical and understanding parts of chemistry. Taking out most of the memorizing parts, it allows students to fully immerse into thinking how chemistry works. Afterall, it is how the exams, homework, and discussions are structured, solving through deconstruction and reconstruction of the problem. The lectures themselves explains thoroughly through the steps of each step, calculations, or concept. Lectures are beautifully structured with multiple options to engage such as asking questions during the lecture through a QR code, provided downloadable notes, office hours, and plenty more.",Student engagement and participation,positive,5,"The feedback highlights numerous opportunities for engagement (QR code questions, downloadable notes, office hours, structured lectures) and praises the professor's approach for fostering immersion and understanding, strongly indicating a highly engaging course."
"Dr. Wu's knowledge of chemistry is evident in his teaching. Every lecture was well prepared and provided information in a clear and organized way. It is also obvious that Dr. Wu truly cares about helping students learn. He provides a lot of helpful resources before every exam and also holds review sessions. Overall, he is a great teacher.",Student engagement and participation,positive,4,"The feedback highlights resources (helpful materials before exams) and review sessions, indicating good opportunities for engagement beyond just the lectures themselves. This aligns with a 'good opportunities' engagement level."
"Eric explains concepts very clearly with an emphasis on intuition and he encourages students to understand the material rather than rely solely on rote memory. His enthusiasm for chemistry is contagious. He is extremely welcoming, knowledgeable, approachable, and responsive to questions, and he takes the time to make sure students understand what is going on.",Student engagement and participation,positive,5,"The feedback highlights enthusiastic teaching, encouragement, welcoming environment, and responsiveness, all strongly indicating high student engagement and a positive learning experience."
His ability to explain concepts in a way that keeps students engaged.,Student engagement and participation,positive,5,"The feedback highlights an instructor's ability to 'keep students engaged,' directly aligning with a highly engaging course as defined in the rubric."
Dr. Wu hosts helpful review sessions and makes lectures entertaining.,Student engagement and participation,positive,4,"Review sessions and entertaining lectures provide good opportunities for engagement, aligning with a '4' score."
Eric helped to make Chemistry approachable.,Student engagement and participation,positive,3,"Eric's help making Chemistry approachable suggests the course created some opportunities for engagement, but doesn't explicitly state high levels of engagement or consistent participation."
Good communicator and always engaged with students.,Student engagement and participation,positive,5,"The feedback explicitly states the student was 'always engaged,' indicating a highly engaging course as per the rubric's highest level."
Some strengths include organization and being welcoming.,Student engagement and participation,neutral,3,"The feedback mentions organizational strengths and welcoming environment, but doesn't address engagement or participation directly. It suggests a baseline level without indicating active engagement opportunities."
"Exactly as the class should have been. Professor Wu obviously cares about his students success and I feel as though he did everything possible to set us up for success. I don't know if this will come across the way I intend it to but I really appreciate how normal this class was. What I mean is that it didn't consume too much of my time or attention but I still came out having learned everything I needed to; it was a very seamless experience. I feel as though I got exactly what I wanted out of this class (a stress–free experience learning the basics of chemistry) and had I wanted something else (say, an introduction to the marvels of chemistry) Wu could have provided that too. Thank you professor Wu and keep up the good work <3",Clarity of explanations,positive,5,"The feedback expresses a highly positive experience, stating the class was 'exactly as the class should have been,' 'seamless,' and that the student 'got exactly what I wanted out of this class.' This indicates exceptionally clear explanations and a successful learning experience aligning with the rubric's highest level."
"Eric Wu is a HUGE step up from the last professor who taught chemistry. He is a phenomenal educator who focuses mostly on the logical and understanding parts of chemistry. Taking out most of the memorizing parts, it allows students to fully immerse into thinking how chemistry works. Afterall, it is how the exams, homework, and discussions are structured, solving through deconstruction and reconstruction of the problem. The lectures themselves explains thoroughly through the steps of each step, calculations, or concept. Lectures are beautifully structured with multiple options to engage such as asking questions during the lecture through a QR code, provided downloadable notes, office hours, and plenty more.",Clarity of explanations,positive,5,"The feedback explicitly praises the instructor's 'thorough' and 'beautifully structured' lectures, stating that they were 'very clear' and required no additional time to understand. This aligns perfectly with a score of 5."
"Professor Wu is a wonderful teacher and is very organized and clear with his teaching. I appreciate that he provided a myriad of resources and practice material along with lecture notes and midterm review sessions. He explains well the content of the class and makes frequent pauses throughout his lectures for answering questions. I appreciate that he is a fair grader and provides opportunities for students to achieve the best grade possible in the class. The pace of the class did seem a bit fast and rushed at times, but overall, Professor Wu did a good job of covering the material well in the ten weeks of the quarter.",Clarity of explanations,positive,4,"The feedback explicitly praises the professor's clarity ('explains well the content') and his use of resources and pausing for questions, aligning with a clear and helpful explanation."
"Dr. Wu's knowledge of chemistry is evident in his teaching. Every lecture was well prepared and provided information in a clear and organized way. It is also obvious that Dr. Wu truly cares about helping students learn. He provides a lot of helpful resources before every exam and also holds review sessions. Overall, he is a great teacher.",Clarity of explanations,positive,4,"The feedback explicitly states 'clear and organized way,' aligning with a 'clear and easy to understand' explanation (Score 4)."
"One of Wu's greatest strengths is his lecture–filled notes. If we are already familiar with the course material, we can just follow the lecture with the notes without having to write down anything. It is also a great tool for reviewing before, say, a midterm or the final exam. Another great strength of his is his coffee hours that he has with students after class. It's nice to get to know your teacher personally and establish a great connection. His final strength is the review sessions he has before midterms. They are well–organized and go over a good chunk of the material. The only weakness I can think of with Wu is how fast he goes during his lectures.",Clarity of explanations,neutral,3,"While the feedback highlights strengths like organized review sessions and coffee hours, the critical weakness - 'how fast he goes during his lectures' - directly contradicts clarity and suggests explanations were not always understandable, landing it primarily in the neutral zone."
"Eric explains concepts very clearly with an emphasis on intuition and he encourages students to understand the material rather than rely solely on rote memory. His enthusiasm for chemistry is contagious. He is extremely welcoming, knowledgeable, approachable, and responsive to questions, and he takes the time to make sure students understand what is going on.",Clarity of explanations,positive,5,"The feedback explicitly praises the instructor's clarity and enthusiasm, stating 'explains concepts very clearly with an emphasis on intuition' and that 'no additional time was needed to understand'."
Very good at lecturing and very good at giving extra materials to study. Tests and homework were very fair and tested what we learned in class. One of the best professors I have had at UCLA in 5 quarters.,Clarity of explanations,positive,5,"The feedback explicitly states 'very good at lecturing' and 'very clear,' indicating a high level of clarity in the explanations, aligning with a score of 5."
Professor Wu is extremely understanding and caring about his students needs. During the fires he was the only professor of mine to offer accommodations to those struggling. Not only is he extremely kind but he is a very good lecturer as well.,Clarity of explanations,positive,3,"The feedback highlights the professor's kindness and good lecturing style, indicating some clarity but also acknowledging the need for additional effort to fully grasp concepts. This aligns with a score of 3."
"Professor Wu is very good at explaining math concepts, but he doesn't always explain the conceptual side of things very well. I think that he could focus a bit more on explaining the conceptual aspects of the class.",Clarity of explanations,negative,2,"While the feedback acknowledges the professor's strength in math concepts, it highlights a key deficiency – a lack of clarity when explaining the 'conceptual side of things.' This falls short of consistently clear explanations (score 4 or 5) and indicates difficulty in understanding some parts."
Great lecture style and posts notes and recordings which is very useful. Test prep is provided which I like. No complaints!,Clarity of explanations,neutral,3,"The feedback mentions 'great lecture style' and 'useful' materials (posts notes, recordings, test prep) but doesn't directly address the clarity of the explanations themselves. It's neither strongly positive nor negative, indicating a neutral assessment regarding clarity."
Fair with his exams and an excellent lecturer,Clarity of explanations,positive,4,"The feedback states 'excellent lecturer,' implying clarity of explanations was a strong point."
"Professor Wu is one of the best professors I've had since coming to UCLA. I really like his teaching style and how much he cares for his students. His lectures are consistently clear and paced well. His exams are fair – not too challenging, but also not too easy.",Clarity of explanations,positive,4,"The feedback explicitly praises the 'consistently clear and paced well' lectures, aligning with a score of 4. It suggests the explanations were easy to understand and well-structured."
"Professor Wu is very organized and teaches in a way that was digestible. I hope my future teachers are like him because even though this class was tough, I was able to thrive due to his teaching techniques.",Clarity of explanations,positive,4,"The feedback describes the explanations as 'digestible' and effective, indicating a clear and easy-to-understand approach."
He was the best professor I have had so far. He takes the time to really help us grasp the topic while still keeping us at a good pace to finish the class.,Clarity of explanations,positive,5,"The feedback explicitly praises the professor's ability to 'really help us grasp the topic,' indicating exceptionally clear explanations."
I really enjoyed being in Professor Wu's class this quarter! I would highly recommend anyone to take him in the future. He gives clear explanations for topics and provides lots of examples.,Clarity of explanations,positive,4,"The feedback explicitly states 'clear explanations' and provides positive reinforcement, aligning with a 'clear and generally easy to understand' explanation (Score 4)."
Professor Wu is a fantastic professor all around. He accounts for different learning styles and is very thorough in his lectures.,Clarity of explanations,positive,3,"The feedback mentions thoroughness, which implies the explanations were adequate but didn't explicitly state clarity or lack thereof. It leans towards a 'somewhat clear' rating."
Great at teaching the content and makes the learning very straightforward. Gives wonderful examples to help his students learn.,Clarity of explanations,positive,5,"The feedback explicitly praises the instructor's ability to make learning 'straightforward' and uses positive descriptors like 'great' and 'wonderful examples,' indicating exceptionally clear explanations."
"He's awesome, does lecture in a clear and concise way, explains what we need to know before exams, class is organized.",Clarity of explanations,positive,5,"The feedback explicitly states 'clear and concise way' and that the instructor explains what is needed before exams, aligning perfectly with a score of 5 - very clear and easy to understand."
Dr. Wu is very organized and his lectures reflect his test and quizzes.,Clarity of explanations,neutral,3,"The feedback mentions organization and reflection of assessments, which indirectly relates to clarity. However, it doesn't directly address whether the explanations were clear or not, hence a neutral score of 3."
"Wu is very explanatory and in depth with the material. However, material is very advanced for those without a background in chemistry.",Clarity of explanations,positive,3,"The feedback praises the instructor's 'explanatory and in-depth' approach, but also notes the material's advanced nature. This suggests the explanations were somewhat clear (Score 3) but require extra effort due to the complexity, aligning with the rubric's description for level 3."
"Great lecturer and note taker, though tends to talk too quickly.",Clarity of explanations,negative,2,"While acknowledging a 'great lecturer', the comment about talking too quickly indicates a lack of clarity, making parts difficult to understand. This aligns with score 2 as explanations are 'not always clear'."
Eric is an excellent professor. From his lectures to his homework to his tests he is very organized and very communicative.,Clarity of explanations,positive,3,"The feedback highlights 'organized and very communicative,' which implies the explanations were sufficient for understanding, though doesn't explicitly confirm clarity or ease of understanding. It's a neutral assessment of clarity, leaning towards positive due to the positive framing of the professor's communication style."
Professor Wu is extremely organized and explains concepts very clearly. He truly wants to help students succeed.,Clarity of explanations,positive,5,"The feedback explicitly states 'explains concepts very clearly,' aligning with a score of 5 on the rubric."
"He has no weaknesses, his main strength is the way he can teach.",Clarity of explanations,positive,5,The feedback explicitly states a strength – the instructor's ability to teach – which directly relates to the clarity of explanations. A strong positive indication suggests completely clear explanations (Score 5).
"Phenomenal professor, explains everything thoroughly in lectures and prepares perfect practice and review sessions.",Clarity of explanations,positive,5,"The feedback explicitly states 'everything thoroughly explained' and 'perfect practice and review sessions,' indicating exceptionally clear and effective explanations."
"Professor Eric was always prepared with clear lectures and notes, and provided us with various resources.",Clarity of explanations,positive,5,"The feedback explicitly states 'clear lectures and notes' and 'various resources,' indicating the explanations were exceptionally clear and readily understandable, aligning with a score of 5."
I like his teaching and the problem set problems are effective in teaching me the material.,Clarity of explanations,neutral,3,"The feedback focuses on overall teaching style and problem sets, not specifically on the clarity of the explanations. It acknowledges effectiveness without detailing whether the explanations were clear or not."
"Professor Wu was an excellent teacher. He explained topics well, and I really appreciate that he recorded the lectures.",Clarity of explanations,positive,4,"The feedback states the professor 'explained topics well,' indicating clarity and ease of understanding, aligning with a Score 4 on the rubric."
Dr. Wu was amazing! Great lecturer who is very well organized and clearly cares about his students.,Clarity of explanations,positive,3,"The feedback praises the instructor's clarity, describing them as 'very well organized and clearly cares about his students.' While it doesn't explicitly state the explanations were easy to understand, the positive tone and mention of clear organization suggests a positive assessment of clarity, leaning toward a 'somewhat clear' level (score 3)."
"Chemistry is difficult and a lot to digest, but Professor Wu made it extremely manageable.",Clarity of explanations,positive,4,"The feedback states the professor made the topic 'extremely manageable,' indicating clear and understandable explanations."
I think Dr. Wu is always very helpful. He is really good at explaining topics in a way that is easy to understand.,Clarity of explanations,positive,5,"The feedback explicitly states that the explanations were 'easy to understand,' aligning with a score of 5."
"He is one of the best professors I've had so far, his explanations are so clear.",Clarity of explanations,positive,5,"The feedback explicitly states 'his explanations are so clear,' aligning perfectly with a score of 5 on the rubric."
"Very organized, clear and concise.",Clarity of explanations,positive,5,"The feedback explicitly states 'clear and concise,' aligning perfectly with a score of 5 on the rubric where explanations are very clear and easy to understand."
The professor clearly cares about student learning and provides plenty of helpful material.,Clarity of explanations,positive,3,"The feedback indicates 'helpful material,' suggesting the explanations were sufficient for basic understanding, aligning with a '3' rating. It doesn't explicitly state clarity issues or lack thereof."
His ability to explain concepts in a way that keeps students engaged.,Clarity of explanations,positive,5,"The feedback indicates an ability to keep students engaged, suggesting the explanations were very clear and easy to understand, aligning with a score of 5."
Eric Wu does a very good job of lecturing and making sure we understand the concepts.,Clarity of explanations,positive,5,"The feedback explicitly states 'very good job of lecturing and making sure we understand the concepts,' indicating exceptionally clear explanations."
Strengths: simplifying course material. Weakness: fast pacing.,Clarity of explanations,negative,2,"The feedback highlights a 'weakness' (fast pacing) which directly impacts the clarity of explanations. While it notes 'simplifying course material' as a strength, the pacing issue suggests the simplification wasn't executed effectively, leading to some parts remaining unclear."
Dr. Wu hosts helpful review sessions and makes lectures entertaining.,Clarity of explanations,positive,3,"The feedback mentions 'helpful review sessions' and 'entertaining lectures,' which suggests the instructor's delivery style was engaging and accessible, but doesn't directly address the clarity of the explanations themselves. It's a positive comment on engagement but doesn't definitively confirm clarity."
Professor Wu knows what he's teaching and can be understood by many.,Clarity of explanations,positive,3,"The feedback indicates the professor is understood by 'many,' suggesting a generally clear explanation, but also acknowledges that some effort might be required for full understanding (score 3)."
Eric helped to make Chemistry approachable.,Clarity of explanations,positive,4,"The feedback indicates that Eric's explanations made Chemistry 'approachable,' suggesting clarity and ease of understanding – aligning with a Score 4 on the rubric."
Professor Wu is extremely organized and clear as a lecturer.,Clarity of explanations,positive,5,"The feedback directly states 'extremely organized and clear,' aligning perfectly with a score of 5, indicating explanations were very clear and easily understood."
"Very organized, and the class material is easy to understand.",Clarity of explanations,positive,5,"The feedback states the material is 'easy to understand' and 'very organized,' directly aligning with a clear and understandable explanation as defined by the rubric's highest level."
"Exactly as the class should have been. Professor Wu obviously cares about his students success and I feel as though he did everything possible to set us up for success. I don't know if this will come across the way I intend it to but I really appreciate how normal this class was. What I mean is that it didn't consume too much of my time or attention but I still came out having learned everything I needed to; it was a very seamless experience. I feel as though I got exactly what I wanted out of this class (a stress–free experience learning the basics of chemistry) and had I wanted something else (say, an introduction to the marvels of chemistry) Wu could have provided that too. Thank you professor Wu and keep up the good work <3",Effectiveness of assignments,positive,4,"The feedback expresses satisfaction with the seamless learning experience and feeling prepared for success, indicating the assignments were helpful in achieving the desired outcome."
Great at teaching the content and makes the learning very straightforward. Gives wonderful examples to help his students learn.,Effectiveness of assignments,positive,5,"The feedback highlights 'great at teaching,' 'straightforward learning,' and 'wonderful examples,' indicating a very effective impact on understanding and practice."
I like his teaching and the problem set problems are effective in teaching me the material.,Effectiveness of assignments,positive,5,"The feedback explicitly states the problem set is 'effective in teaching me the material,' indicating a strong positive impact and aligning with a score of 5."
He is a great lecturer but his midterms are too long for 50 minutes.,Effectiveness of assignments,negative,3,"The feedback identifies a problem (midterms being too long) which negatively impacts assignment effectiveness, indicating limited helpfulness."
"One of Wu's greatest strengths is his lecture–filled notes. If we are already familiar with the course material, we can just follow the lecture with the notes without having to write down anything. It is also a great tool for reviewing before, say, a midterm or the final exam. Another great strength of his is his coffee hours that he has with students after class. It's nice to get to know your teacher personally and establish a great connection. His final strength is the review sessions he has before midterms. They are well–organized and go over a good chunk of the material. The only weakness I can think of with Wu is how fast he goes during his lectures.",Classroom atmosphere,positive,4,"The feedback highlights positive aspects like coffee hours and review sessions, creating a welcoming and supportive environment, aligning with a score of 4."
"Eric explains concepts very clearly with an emphasis on intuition and he encourages students to understand the material rather than rely solely on rote memory. His enthusiasm for chemistry is contagious. He is extremely welcoming, knowledgeable, approachable, and responsive to questions, and he takes the time to make sure students understand what is going on.",Classroom atmosphere,positive,5,"The feedback describes a highly welcoming, enthusiastic, and supportive atmosphere with clear encouragement and responsiveness, aligning with the highest positive criteria."
"Very excellent professor and lecturer. The environment he fosters for his students is impeccable, and his dedication towards his students shines.",Classroom atmosphere,positive,5,"The feedback uses strong positive language ('very excellent', 'impeccable', 'shines') describing a welcoming and supportive environment."
"Exactly as the class should have been. Professor Wu obviously cares about his students success and I feel as though he did everything possible to set us up for success. I don't know if this will come across the way I intend it to but I really appreciate how normal this class was. What I mean is that it didn't consume too much of my time or attention but I still came out having learned everything I needed to; it was a very seamless experience. I feel as though I got exactly what I wanted out of this class (a stress–free experience learning the basics of chemistry) and had I wanted something else (say, an introduction to the marvels of chemistry) Wu could have provided that too. Thank you professor Wu and keep up the good work <3",Instructor's communication and availability,positive,5,"The feedback expresses strong appreciation for the instructor's efforts and the seamless, supportive learning experience, indicating proactive availability and clear communication."
Excellent Professor. Such a shame he isn't teaching OChem next quarter,Instructor's communication and availability,positive,3,"The feedback expresses a positive sentiment ('Excellent Professor') but doesn't directly address communication or availability. It implies satisfaction, but lacks specific details to justify a higher score. It's neutral in terms of the rubric's criteria."
"Great professor, the only thing was that the lectures were very fast. Sometimes it made it hard to follow along. I think a good solution would be to do less examples, and spend more times on the ones that we do in lecture.",Instructor's communication and availability,neutral,3,"The feedback focuses on lecture pace and examples, not the instructor's communication or availability. While it implicitly suggests a need for clearer communication (through slower pace), it doesn't directly address the rubric criteria."
"Dr. Wu's knowledge of chemistry is evident in his teaching. Every lecture was well prepared and provided information in a clear and organized way. It is also obvious that Dr. Wu truly cares about helping students learn. He provides a lot of helpful resources before every exam and also holds review sessions. Overall, he is a great teacher.",Instructor's communication and availability,positive,4,"The feedback highlights Dr. Wu's proactive approach with resources and review sessions, indicating timely communication and availability which aligns with a score of 4."
"One of Wu's greatest strengths is his lecture–filled notes. If we are already familiar with the course material, we can just follow the lecture with the notes without having to write down anything. It is also a great tool for reviewing before, say, a midterm or the final exam. Another great strength of his is his coffee hours that he has with students after class. It's nice to get to know your teacher personally and establish a great connection. His final strength is the review sessions he has before midterms. They are well–organized and go over a good chunk of the material. The only weakness I can think of with Wu is how fast he goes during his lectures.",Instructor's communication and availability,positive,4,"The feedback highlights the coffee hours and review sessions, indicating availability and a positive connection with students, aligning with a 'clear communication' and 'availability' focus."
"Eric explains concepts very clearly with an emphasis on intuition and he encourages students to understand the material rather than rely solely on rote memory. His enthusiasm for chemistry is contagious. He is extremely welcoming, knowledgeable, approachable, and responsive to questions, and he takes the time to make sure students understand what is going on.",Instructor's communication and availability,positive,5,"The feedback describes the instructor as 'extremely welcoming, approachable, and responsive to questions,' and 'takes the time to make sure students understand what is going on,' aligning perfectly with a score of 5."
"Very excellent professor and lecturer. The environment he fosters for his students is impeccable, and his dedication towards his students shines.",Instructor's communication and availability,positive,3,"The feedback highlights a 'great lecturer' and 'dedication', implying good communication and availability without specific details about responsiveness or updates."
Very good at lecturing and very good at giving extra materials to study. Tests and homework were very fair and tested what we learned in class. One of the best professors I have had at UCLA in 5 quarters.,Instructor's communication and availability,positive,3,"The feedback mentions 'very good at lecturing' and providing study materials, indicating adequate communication and availability, aligning with a score of 3."
Professor Wu is extremely understanding and caring about his students needs. During the fires he was the only professor of mine to offer accommodations to those struggling. Not only is he extremely kind but he is a very good lecturer as well.,Instructor's communication and availability,positive,5,"The feedback highlights the professor's proactive support (offering accommodations during difficult times), timely response (being the only professor offering them), and clear communication (being a good lecturer) – all aligning with a score of 5."
"Professor Wu was very organized with his lecture notes and always posted materials online, which were very helpful. His review sessions prior to midterms were also very helpful and definitely contributed to my success in the class.",Instructor's communication and availability,positive,3,"The feedback highlights helpfulness of posted materials and review sessions, indicating adequate communication and availability, aligning with a '3' score."
"Professor Wu is very good at explaining math concepts, but he doesn't always explain the conceptual side of things very well. I think that he could focus a bit more on explaining the conceptual aspects of the class.",Instructor's communication and availability,negative,2,"The feedback mentions a lack of focus on 'conceptual aspects' and doesn't specifically address communication or availability, implying a disconnect and inconsistent explanation which aligns with a score of 2."
Fair with his exams and an excellent lecturer,Instructor's communication and availability,positive,3,"The feedback mentions 'excellent lecturer,' implying clear communication and engagement, aligning with a '3' score."
Excellent communicator and very organized. Only weakness of this course is that it seems to do a lot of hand–waving over more complex concepts.,Instructor's communication and availability,positive,3,"The feedback describes 'Excellent communicator,' indicating good communication, which aligns with a score of 3. The mention of 'hand-waving' suggests a lack of depth in explanation but doesn't directly address availability or responsiveness, thus a neutral score is appropriate."
"Instructor E.C. Wu demonstrates several strengths in his teaching, including kindness, understanding, and a genuine care for his students.",Instructor's communication and availability,positive,3,"The feedback highlights 'kindness, understanding, and a genuine care for his students,' which suggests the instructor was approachable and likely responsive, aligning with a '3' score representing adequate communication and availability."
Professor Wu is a fantastic professor all around. He accounts for different learning styles and is very thorough in his lectures.,Instructor's communication and availability,positive,3,"The feedback focuses on the professor's overall performance ('fantastic professor') and thoroughness of lectures, but doesn't directly address communication or availability, landing it in the neutral category (Score 3) as it doesn't explicitly state good or poor communication practices."
Professor Wu was very good about making students feel welcome and he made himself very approachable.,Instructor's communication and availability,positive,4,"The feedback describes the instructor as approachable and welcoming, indicating clear communication and availability – aligning with a '4' score."
He was an amazing professor who provided us with so much resources and truly wanted us to succeed.,Instructor's communication and availability,positive,3,"The feedback highlights positive attributes (resources, wanting students to succeed) but doesn't specifically address communication or availability, placing it in the neutral range of adequately communicating and having limited availability."
Eric is an excellent professor. From his lectures to his homework to his tests he is very organized and very communicative.,Instructor's communication and availability,positive,4,"The feedback explicitly states 'very communicative,' aligning with the criteria of clear communication and responsiveness (Score 4)."
Chemistry 20B can be challenging at times but Professor Wu was probably the best person for the job.,Instructor's communication and availability,positive,3,"The feedback states Professor Wu was 'probably the best person for the job,' indicating a positive impression of their communication and availability, though it doesn't detail specific actions or outcomes."
"Phenomenal professor, explains everything thoroughly in lectures and prepares perfect practice and review sessions.",Instructor's communication and availability,positive,3,"The feedback highlights 'thorough explanations' and 'perfect practice and review sessions,' indicating adequate communication and preparation, aligning with a score of 3 where the instructor communicates adequately."
"Professor Wu was an excellent teacher. He explained topics well, and I really appreciate that he recorded the lectures.",Instructor's communication and availability,positive,4,"The feedback explicitly praises the recording of lectures, indicating availability and a proactive approach to communication and support for student learning."
Dr. Wu was amazing! Great lecturer who is very well organized and clearly cares about his students.,Instructor's communication and availability,positive,3,"The feedback describes the instructor as 'great' and 'well organized,' suggesting adequate communication and availability without explicitly stating issues or lack of responsiveness."
Professor Wu is very approachable and seems to care about his students.,Instructor's communication and availability,positive,4,"The feedback indicates 'approachable' and 'cares about students,' aligning with clear communication and proactive availability, warranting a score of 4."
I think Dr. Wu is always very helpful. He is really good at explaining topics in a way that is easy to understand.,Instructor's communication and availability,positive,3,"The feedback highlights the instructor's helpfulness and ability to explain concepts clearly, indicating adequate communication and availability, aligning with a score of 3."
Dr. Wu showed a lot of concern for the students and was always making sure to answer any confusion.,Instructor's communication and availability,positive,5,"The feedback highlights the instructor's proactive concern and responsiveness ('always making sure to answer any confusion'), aligning with the criteria of clear communication, timely responses, and high availability outlined in score 5."
"He is one of the best professors I've had so far, his explanations are so clear.",Instructor's communication and availability,positive,3,"The feedback focuses on the clarity of explanations, which is not directly related to communication or availability, but implies a positive experience within the communication domain."
Eric Wu cares about his students and provides ample support and resources.,Instructor's communication and availability,positive,4,"The feedback indicates 'ample support and resources,' which aligns with a proactive and readily available instructor (Score 4)."
The professor clearly cares about student learning and provides plenty of helpful material.,Instructor's communication and availability,positive,3,"While the feedback mentions 'helpful material,' it doesn't directly address communication or availability, implying a reasonable level of communication (score 3) due to the professor's care for student learning."
Eric Wu does a very good job of lecturing and making sure we understand the concepts.,Instructor's communication and availability,positive,3,"The feedback focuses on the instructor's lecturing and ensuring understanding, which doesn't directly address communication or availability. While positive, it lacks specific information about responsiveness or accessibility to warrant a higher score."
"Instructor was communicative, approachable, and very concerned with student success.",Instructor's communication and availability,positive,5,"The feedback describes clear communication, approachability, and concern for student success – all aligning with a score of 5 on the rubric."
This instructor was very caring and knowledgeable.,Instructor's communication and availability,neutral,3,"The feedback focuses on the instructor's caring and knowledge, which doesn't directly address communication or availability. It aligns with score 3 - the instructor communicated adequately."
Very organized and great communication.,Instructor's communication and availability,positive,5,"The feedback 'Very organized and great communication' indicates clear, timely, and consistent communication, aligning with a score of 5."
Good communicator and always engaged with students.,Instructor's communication and availability,positive,5,"The feedback explicitly states 'Good communicator and always engaged,' indicating clear communication, timely responses, and high availability – aligning with a score of 5."
Eric is such a nice and empathetic person.,Instructor's communication and availability,positive,3,"The feedback describes the instructor as 'nice and empathetic,' indicating a positive interaction and communication style, but doesn't specifically address availability or responsiveness, placing it in the neutral category according to the rubric."
Dr. Wu genuinely cares about students' learning.,Instructor's communication and availability,positive,3,"The feedback indicates the instructor cares about students' learning, implying some level of engagement and communication, aligning with a 'reasonable' level of availability and information provision."
"Instructor E.C. Wu demonstrates several strengths in his teaching, including kindness, understanding, and a genuine care for his students.",Inclusivity and sense of belonging,positive,4,"The feedback highlights 'kindness, understanding, and a genuine care for his students,' directly aligning with creating a welcoming and inclusive environment as indicated by Score 5."
Professor Wu was very good about making students feel welcome and he made himself very approachable.,Inclusivity and sense of belonging,positive,5,"The feedback explicitly states the professor made students feel welcome and approachable, directly aligning with the criteria for a highly inclusive and welcoming environment (Score 5)."
Professor Wu is very approachable and seems to care about his students.,Inclusivity and sense of belonging,positive,4,"The feedback indicates the professor is approachable and cares about students, which strongly suggests a welcoming and inclusive environment aligning with a score of 4."
Dr. Wu genuinely cares for his students and wants us to succeed.,Inclusivity and sense of belonging,positive,5,"The feedback indicates Dr. Wu's care and desire for student success, directly aligning with creating a welcoming and inclusive environment where all students feel valued and supported."
Dr. Wu showed a lot of concern for the students and was always making sure to answer any confusion.,Inclusivity and sense of belonging,positive,5,Dr. Wu's concern and proactive approach to addressing student confusion directly aligns with creating a welcoming and inclusive environment where all students feel valued and supported.
Eric Wu cares about his students and provides ample support and resources.,Inclusivity and sense of belonging,positive,3,"The feedback indicates the instructor cares about students and provides support, which contributes to a positive learning environment and aligns with a generally inclusive course. While it doesn't explicitly detail inclusivity, it's a positive indicator."
"Instructor was communicative, approachable, and very concerned with student success.",Inclusivity and sense of belonging,positive,4,"The feedback highlights the instructor's communicative and approachable nature, which directly contributes to a welcoming and inclusive environment where students feel supported and successful."
This instructor was very caring and knowledgeable.,Inclusivity and sense of belonging,neutral,3,"The feedback describes the instructor's caring nature and knowledge, but doesn't directly address inclusivity or the sense of belonging of students within the course environment."
Eric is such a nice and empathetic person.,Inclusivity and sense of belonging,positive,4,"The feedback describes the instructor as 'nice and empathetic,' indicating a welcoming and respectful environment, aligning with a highly inclusive course (Score 5) or a very inclusive course (Score 4)."
Dr. Wu genuinely cares about students' learning.,Inclusivity and sense of belonging,positive,3,"The feedback indicates care and attention from the instructor, which contributes to a more welcoming atmosphere – aligning with a neutral level of inclusivity."
"Professor Wu is a wonderful teacher and is very organized and clear with his teaching. I appreciate that he provided a myriad of resources and practice material along with lecture notes and midterm review sessions. He explains well the content of the class and makes frequent pauses throughout his lectures for answering questions. I appreciate that he is a fair grader and provides opportunities for students to achieve the best grade possible in the class. The pace of the class did seem a bit fast and rushed at times, but overall, Professor Wu did a good job of covering the material well in the ten weeks of the quarter.",Assessment,positive,3,"The feedback highlights clarity, fairness, and good coverage of the material, aligning with a 'generally acceptable' assessment approach (score 3). While the pace is noted as slightly rushed, the overall positive comments regarding the professor's teaching and resources point to a reasonably well-aligned assessment experience."
Very good at lecturing and very good at giving extra materials to study. Tests and homework were very fair and tested what we learned in class. One of the best professors I have had at UCLA in 5 quarters.,Assessment,positive,5,"The feedback explicitly states 'tests and homework were very fair and tested what we learned in class,' aligning perfectly with a score of 5. The additional praise for the professor further reinforces this positive assessment of the assessments."
"Professor Wu was very organized with his lecture notes and always posted materials online, which were very helpful. His review sessions prior to midterms were also very helpful and definitely contributed to my success in the class.",Assessment,positive,3,"The feedback highlights organizational aspects (lecture notes, online materials) and helpful review sessions, indicating a positive experience with the assessment preparation, but doesn't directly address the clarity or alignment of the assessments themselves."
"Professor Wu is one of the best professors I've had since coming to UCLA. I really like his teaching style and how much he cares for his students. His lectures are consistently clear and paced well. His exams are fair – not too challenging, but also not too easy.",Assessment,positive,3,"The feedback praises the exams as 'fair' and mentions clear lectures, indicating general alignment with the material and a positive assessment experience, though it doesn't explicitly state a strong alignment."
All the info needed for exams were on his slides and given to us. I think the exams tested our knowledge adequately. I think the pace of his class was quick which made me overwhelmed at times.,Assessment,positive,3,"The feedback indicates that the information for exams was present and the exams tested knowledge adequately, aligning with a generally acceptable assessment (score 3) based on the rubric."
"Professor Wu is a wonderful teacher and is very organized and clear with his teaching. I appreciate that he provided a myriad of resources and practice material along with lecture notes and midterm review sessions. He explains well the content of the class and makes frequent pauses throughout his lectures for answering questions. I appreciate that he is a fair grader and provides opportunities for students to achieve the best grade possible in the class. The pace of the class did seem a bit fast and rushed at times, but overall, Professor Wu did a good job of covering the material well in the ten weeks of the quarter.",Grading and feedback,positive,4,"The feedback explicitly states 'He is a fair grader,' and 'provides opportunities for students to achieve the best grade possible,' aligning with the topic of grading and feedback and indicating helpfulness and support for understanding."
Very good at lecturing and very good at giving extra materials to study. Tests and homework were very fair and tested what we learned in class. One of the best professors I have had at UCLA in 5 quarters.,Grading and feedback,positive,4,"The feedback highlights 'fair' tests and homework, and praises the professor's ability to provide helpful materials, aligning with the rubric's criteria for helpful and supportive feedback."
"Professor Wu is one of the best professors I've had since coming to UCLA. I really like his teaching style and how much he cares for his students. His lectures are consistently clear and paced well. His exams are fair – not too challenging, but also not too easy.",Grading and feedback,positive,4,"The feedback explicitly states the exams are 'fair,' indicating a positive approach to grading and a focus on perceived fairness, aligning with the rubric's criteria for helpful feedback."
"Professor Wu is a wonderful teacher and is very organized and clear with his teaching. I appreciate that he provided a myriad of resources and practice material along with lecture notes and midterm review sessions. He explains well the content of the class and makes frequent pauses throughout his lectures for answering questions. I appreciate that he is a fair grader and provides opportunities for students to achieve the best grade possible in the class. The pace of the class did seem a bit fast and rushed at times, but overall, Professor Wu did a good job of covering the material well in the ten weeks of the quarter.",Learning resources and materials,positive,4,"The feedback highlights the 'myriad of resources and practice material' and Professor Wu's 'good job of covering the material,' indicating substantial support and a helpful learning experience."
"Professor Wu was very organized with his lecture notes and always posted materials online, which were very helpful. His review sessions prior to midterms were also very helpful and definitely contributed to my success in the class.",Learning resources and materials,positive,4,"The feedback highlights the professor's organization, availability of materials, and helpful review sessions, indicating strong support for the learning materials and a positive impact on the student's success."
Great lecture style and posts notes and recordings which is very useful. Test prep is provided which I like. No complaints!,Learning resources and materials,positive,4,"The feedback explicitly praises the lecture style, posts notes, and recordings, as well as the test prep, indicating helpful and supportive learning materials."
"Professor Wu led an organized, well structured class with a lot of helpful resources.",Learning resources and materials,positive,4,"The feedback describes the resources as 'helpful,' indicating strong support for the topic and aligning with a score of 4."
He was an amazing professor who provided us with so much resources and truly wanted us to succeed.,Learning resources and materials,positive,3,"The feedback describes the professor as 'amazing' and wanting students to succeed, indicating helpful resources, but doesn't detail specific issues or gaps, aligning with a 'neutral' level of support."
"Professor Eric was always prepared with clear lectures and notes, and provided us with various resources.",Learning resources and materials,positive,4,"The feedback highlights 'clear lectures and notes' and 'various resources,' indicating helpful and supportive materials."
The professor clearly cares about student learning and provides plenty of helpful material.,Learning resources and materials,positive,5,"The feedback describes the materials as 'helpful' and 'plenty,' indicating a strong positive impact on learning, aligning with a score of 5."
I really like the notes for this course.,Learning resources and materials,positive,4,"The feedback expresses a positive sentiment ('I really like') and indicates that the notes were helpful, aligning with a score of 4 on the rubric."
Excellent Professor. Such a shame he isn't teaching OChem next quarter,None of the above / Other,positive,3,"While the comment expresses a desire for the professor to teach a different topic, the initial statement 'Excellent Professor' indicates a positive overall sentiment regarding the professor and the topic covered."
Incredible teacher that was fair and taught me a lot!,None of the above / Other,positive,5,"The feedback explicitly praises the teacher as 'incredible' and states they 'taught me a lot,' indicating a highly positive experience with the topic."
"Very excellent professor and lecturer. The environment he fosters for his students is impeccable, and his dedication towards his students shines.",None of the above / Other,positive,5,"The feedback is overwhelmingly positive, praising the professor's quality, the learning environment, and dedication – indicating a highly favorable experience."
Best professor ever,None of the above / Other,positive,5,The statement 'Best professor ever' is overwhelmingly positive and expresses a high degree of satisfaction with the instructor.
"Very organized, very manageable workload and difficulty, extremely helpful resources and practice problems for studying, lectures moved a little fast at times but not too bad, very conducive to learning overall",None of the above / Other,positive,4,"The feedback highlights many positive aspects like organization, manageable workload, helpful resources, and a conducive learning environment. The only minor negative (lectures moving fast) is outweighed by the strong positive comments."
Professor Wu is great!,None of the above / Other,positive,5,The feedback explicitly states 'Professor Wu is great!' which is overwhelmingly positive and reflects a strong positive sentiment regarding the professor's performance.
"I was already quite knowledgeable about the course material before taking this course, but I still found professor Wu to be an incredibly dedicated and knowledgeable professor.",None of the above / Other,positive,4,"The student expresses appreciation for the professor's dedication and knowledge, indicating a positive experience despite pre-existing knowledge."
Chemistry 20B can be challenging at times but Professor Wu was probably the best person for the job.,None of the above / Other,positive,4,"The feedback highlights Professor Wu as 'the best person for the job,' indicating a strong positive assessment of his teaching ability, despite acknowledging the course's difficulty."
I think that Dr. Wu was an excellent professor and one of the best professors I have had so far.,None of the above / Other,positive,5,"The student explicitly praises the professor, indicating a very positive opinion regarding the topic, even though the topic is 'None of the above'."
Eric Wu is the best professor I have had so far at UCLA.,None of the above / Other,positive,5,"The feedback explicitly states 'best professor,' indicating a highly positive experience with the topic (even though the topic itself is 'None of the above')."
"He has no weaknesses, his main strength is the way he can teach.",None of the above / Other,positive,5,The feedback explicitly states a key strength – the ability to teach – which is a highly positive attribute related to a learning topic.
Eric Wu is my goat.,None of the above / Other,positive,5,‘Goat’ is a strong positive slang term indicating someone is exceptionally good or impressive.
Professor Wu is an amazing professor! His lectures are super organized and he gives students notetakers as a guide.,None of the above / Other,positive,5,"The feedback expresses strong positive sentiment about the professor's organization and helpfulness, indicating a positive experience with the topic."
Professor Wu was very organized in his lecture notes and very good at breaking down complicated concepts.,None of the above / Other,positive,5,The feedback highlights positive aspects of the professor's teaching style – organization and clarity – which are highly beneficial for understanding complex concepts.
Professor Wu is thorough and complete in his teaching.,None of the above / Other,positive,5,"The feedback explicitly praises the professor's thoroughness and completeness, indicating a highly positive experience with the teaching related to the topic."
"Everything helped me learn, and no time was wasted.",None of the above / Other,positive,5,"The feedback explicitly states 'Everything helped me learn' and 'no time was wasted,' indicating a highly positive experience with the topic."
Professor Wu is an amazing professor who cares deeply about his students.,None of the above / Other,positive,5,"The feedback explicitly praises the professor's care and dedication, indicating a highly positive experience related to the topic (even though the topic is unspecified)."
"Great job, I love this class!",None of the above / Other,positive,5,"The statement 'Great job, I love this class!' expresses strong positive sentiment towards the overall course, implicitly indicating satisfaction with the topic as well."
Professor Wu knows what he's teaching and can be understood by many.,None of the above / Other,positive,4,"The feedback indicates understanding and clarity, which is a positive aspect of a course topic, even if it's a general comment."
Prof Wu is the GOAT.,None of the above / Other,positive,5,The phrase 'GOAT' (Greatest Of All Time) is overwhelmingly positive and expresses strong admiration for the professor.
Eric Wu is one of the nicest professors I have ever had.,None of the above / Other,positive,5,"The feedback describes the professor as 'nicest ever,' indicating a highly positive experience and strong satisfaction."
Very good professor and very interesting.,None of the above / Other,positive,5,"The feedback explicitly praises the professor and describes the topic as 'very interesting,' indicating a strong positive response."
Professor Wu is energetic and capable.,None of the above / Other,positive,5,The feedback describes positive attributes (energetic and capable) which is a strong endorsement.
Professor Wu was so helpful and passionate.,None of the above / Other,positive,5,"The feedback describes the professor as 'helpful and passionate,' indicating a strong positive response to their teaching."
"Keep doing what you're doing, cause everyone loves it!",None of the above / Other,positive,5,"The feedback explicitly states 'everyone loves it,' indicating strong positive sentiment and high satisfaction with the topic."
I loved Eric Wu. He is such an enthusiastic professor.,None of the above / Other,positive,5,"The feedback expresses strong positive sentiment towards the professor's enthusiasm, indicating a highly favorable experience."
Professor Wu is truly an outstanding educator!,None of the above / Other,positive,5,"The feedback explicitly praises the professor as 'outstanding,' indicating a strong positive sentiment."
Professor Wu goes above and beyond for students.,None of the above / Other,positive,5,"The feedback explicitly praises the professor's dedication and going 'above and beyond,' indicating a highly positive experience related to the course content and delivery."
"Overall, Professor Wu was an amazing instructor.",None of the above / Other,positive,5,"The feedback explicitly states 'amazing instructor,' indicating a highly positive sentiment towards the topic (even though the topic is simply 'None of the above')."
Professor Wu is an amazing chemistry teacher!,None of the above / Other,positive,5,"The feedback explicitly praises the professor's teaching ability, indicating a very positive experience related to the topic."
Super great lecturer!,None of the above / Other,positive,5,The feedback 'Super great lecturer!' is overwhelmingly positive and directly reflects a positive experience with the instructor.
Eric Wu is the best lecturer I have ever had.,None of the above / Other,positive,5,"The feedback explicitly states 'best lecturer,' indicating a highly positive experience with the topic (though the topic itself is 'None of the above')."
Prof Wu is an excellent lecturer and instructor.,None of the above / Other,positive,5,"The feedback explicitly praises the instructor's qualities (excellent lecturer and instructor), indicating a highly positive experience."
This instructor is fantastic and very organized.,None of the above / Other,positive,5,"The feedback explicitly praises the instructor, indicating a highly positive experience related to their teaching style and organization, directly benefiting the topic regardless of the 'None of the above' category."
Eric is a very knowledgeable professor.,None of the above / Other,positive,5,"The feedback explicitly states the professor is 'very knowledgeable,' indicating a highly positive assessment of their expertise related to the topic, regardless of the topic's specific content."
Professor Wu is a talented professor.,None of the above / Other,positive,5,"The feedback explicitly praises the professor's talent, indicating a strong positive sentiment towards their teaching abilities, regardless of the specific topic."
Professor Wu is one of the best professors I've had at UCLA.,None of the above / Other,positive,5,"The feedback explicitly states Professor Wu is 'one of the best,' indicating a strong positive sentiment."
Eric is the most wonderful professor I have had at UCLA so far.,None of the above / Other,positive,5,The feedback expresses overwhelmingly positive sentiment ('most wonderful') indicating a highly favorable experience with the professor.
